symbol,timestamp,open,high,low,close,volume
SPY,2026-01-05T09:30:00-05:00,500.00,500.40,499.80,500.10,1200000
SPY,2026-01-05T09:35:00-05:00,500.10,500.50,500.00,500.45,900000
SPY,2026-01-05T09:40:00-05:00,500.45,500.55,500.20,500.35,850000
SPY,2026-01-05T09:45:00-05:00,500.35,500.60,500.25,500.55,800000
SPY,2026-01-05T10:00:00-05:00,500.55,501.20,500.50,501.10,700000
SPY,2026-01-05T10:05:00-05:00,501.10,501.90,500.90,501.70,720000
SPY,2026-01-05T10:10:00-05:00,501.40,501.70,501.05,501.20,710000
SPY,2026-01-05T15:55:00-05:00,501.20,501.35,500.90,501.00,800000
SPY,2026-01-05T16:00:00-05:00,501.00,501.10,500.70,500.85,820000
